{"cameraMode":{"drawMode":0,"name":"Shaded","section":"Shading Mode"},"sceneLighting":true,"audioPlay":false,"sceneViewState":{"showFog":true,"showMaterialUpdate":false,"showSkybox":true,"showFlares":true,"showImageEffects":true,"showParticleSystems":true},"in2DMode":false,"pivot":{"x":436.87176513671877,"y":245.25401306152345,"z":539.9590454101563},"rotation":{"x":0.24460820853710175,"y":0.7533243298530579,"z":-0.3982512056827545,"w":0.46269819140434267},"size":210.85256958007813,"orthographic":false}